{
    "members": [
        {
            "name": "Julia",
            "positon": "President",
            "pic": "member1.jpg"
        },
        {
            "name": "David",
            "positon": "Vice President",
            "pic": "member2.jpg"
        },
        {
            "name": "Emily",
            "positon": "UI Designer",
            "pic": "member3.jpg"
        },
        {
            "name": "Paul",
            "positon": "Front-end Engineer",
            "pic": "member4.jpg"
        },
        {
            "name": "sara",
            "positon": "Back-end Engineer",
            "pic": "member5.jpg"
        },
        {
            "name": "Michael",
            "positon": "Project Manager",
            "pic": "member6.jpg"
        }
    ]
}